loc_pre_acc1,loc_pre_acc5,loc_pre_f1_micro,loc_pre_f1_macro,traj_clf_acc,traj_clf_pre,traj_clf_recall,traj_clf_f1_micro,traj_clf_f1_macro,loc_clf_acc,loc_clf_pre,loc_clf_recall,loc_clf_f1_micro,loc_clf_f1_macro,sc,db,ch,nmi,ars
1.0622345209121704,3.4741315841674805,0.010622344413896525,0.0020607665479316175,0.007246376811594203,0.0008314779899937112,0.001189801383738713,0.007246376811594203,0.0006443811543885127,0.04901295566623601,0.007892816686764309,0.004155193385788432,0.04901295566623601,0.0014507649308244097,0.9979577660560608,1.4593312550582446e-07,4.240193094409644e+16,0.005567644465140571,-8.958869935188816e-05
