loc_pre_acc1,loc_pre_acc5,loc_pre_f1_micro,loc_pre_f1_macro,traj_clf_acc,traj_clf_pre,traj_clf_recall,traj_clf_f1_micro,traj_clf_f1_macro,loc_clf_acc,loc_clf_pre,loc_clf_recall,loc_clf_f1_micro,loc_clf_f1_macro,sc,db,ch,nmi,ars
9.665083885192871,22.429393768310547,0.09665083729067733,0.03828570031767326,0.3546754020250149,0.2230052819723744,0.2052479422407444,0.3546754020250149,0.20148057756587714,0.7102576567817209,0.7282271545981501,0.7099248745767694,0.7102576567817209,0.7146880100916522,-0.022433677688241005,4.003892220299691,3.5993430780676907,0.32053964154225395,-0.00017979673375598143
