loc_pre_acc1,loc_pre_acc5,loc_pre_f1_micro,loc_pre_f1_macro,traj_clf_acc,traj_clf_pre,traj_clf_recall,traj_clf_f1_micro,traj_clf_f1_macro
10.13034725189209,24.034421920776367,0.10130346747658821,0.04917262128198572,0.2797684338817794,0.210019759590173,0.18155562951342655,0.2797684338817794,0.18321725429587724
