loc_pre_acc1,loc_pre_acc5,loc_pre_f1_micro,loc_pre_f1_macro,traj_clf_acc,traj_clf_pre,traj_clf_recall,traj_clf_f1_micro,traj_clf_f1_macro,loc_clf_acc,loc_clf_pre,loc_clf_recall,loc_clf_f1_micro,loc_clf_f1_macro,sc,db,ch,nmi,ars
9.50512409210205,22.2944278717041,0.09505123719070233,0.03682766725042615,0.31586261663688703,0.1618138242821758,0.15322253388175583,0.31586261663688703,0.1474581649254712,0.4714262204222461,0.5266034771797764,0.4659447806311231,0.4714262204222461,0.48354875744339215,-0.07751382887363434,1.3069904966783041,4.921959504904975,0.15416847765336464,0.0006935671063920516
