loc_pre_acc1,loc_pre_acc5,loc_pre_f1_micro,loc_pre_f1_macro,traj_clf_acc,traj_clf_pre,traj_clf_recall,traj_clf_f1_micro,traj_clf_f1_macro
10.177170753479004,25.855480194091797,0.1017717033662364,0.04589828611092999,0.2449725776965265,0.1531298319106544,0.13505022025307775,0.2449725776965265,0.1342934185490272
