loc_pre_acc1,loc_pre_acc5,loc_pre_f1_micro,loc_pre_f1_macro,traj_clf_acc,traj_clf_pre,traj_clf_recall,traj_clf_f1_micro,traj_clf_f1_macro
14.643635749816895,32.3501091003418,0.14643635377407016,0.06231433315372047,0.34276558437632265,0.28959750024456277,0.25915706542471556,0.34276558437632265,0.25795664283460606
