loc_pre_acc1,loc_pre_acc5,loc_pre_f1_micro,loc_pre_f1_macro,traj_clf_acc,traj_clf_pre,traj_clf_recall,traj_clf_f1_micro,traj_clf_f1_macro
10.005062103271484,24.365983963012695,0.10005062009617818,0.049646184641417984,0.23016453382084096,0.14618113766108368,0.12366845592039599,0.23016453382084096,0.12479111901124006
