loc_pre_acc1,loc_pre_acc5,loc_pre_f1_micro,loc_pre_f1_macro,traj_clf_acc,traj_clf_pre,traj_clf_recall,traj_clf_f1_micro,traj_clf_f1_macro,loc_clf_acc,loc_clf_pre,loc_clf_recall,loc_clf_f1_micro,loc_clf_f1_macro,sc,db,ch,nmi,ars
8.850287437438965,22.656837463378906,0.08850287428142964,0.03202270240562798,0.29035139964264445,0.13241687929501345,0.12237083865172405,0.29035139964264445,0.11915204339637823,0.1574541898310599,0.13651047579084988,0.10359500628888182,0.1574541898310599,0.1067428891108243,0.18818126618862152,1.1717511713136484,105.66626533580512,0.2684285306633489,0.002595690051360329
