loc_pre_acc1,loc_pre_acc5,loc_pre_f1_micro,loc_pre_f1_macro,traj_clf_acc,traj_clf_pre,traj_clf_recall,traj_clf_f1_micro,traj_clf_f1_macro
9.100228309631348,21.699569702148438,0.09100227790432802,0.04581753963446104,0.24168190127970748,0.1804818813574062,0.16063194544264417,0.24168190127970748,0.15728318533283728
