loc_pre_acc1,loc_pre_acc5,loc_pre_f1_micro,loc_pre_f1_macro,traj_clf_acc,traj_clf_pre,traj_clf_recall,traj_clf_f1_micro,traj_clf_f1_macro
16.428964614868164,35.798255920410156,0.16428965555940034,0.06752419870324332,0.4228187919463087,0.35291606210812426,0.32155690097983836,0.4228187919463087,0.3205573612743775
