loc_pre_acc1,loc_pre_acc5,loc_pre_f1_micro,loc_pre_f1_macro,traj_clf_acc,traj_clf_pre,traj_clf_recall,traj_clf_f1_micro,traj_clf_f1_macro
16.43177032470703,36.19198226928711,0.16431771208394513,0.06717958192256909,0.38829433460305945,0.30990434360582647,0.2805762721100801,0.38829433460305945,0.2780431531748946
