loc_pre_acc1,loc_pre_acc5,loc_pre_f1_micro,loc_pre_f1_macro,traj_clf_acc,traj_clf_pre,traj_clf_recall,traj_clf_f1_micro,traj_clf_f1_macro
16.932111740112305,37.783721923828125,0.16932112562776475,0.06532784697405476,0.40570772114396275,0.3173636190495757,0.2921519575371285,0.40570772114396275,0.2887386716504992
